Dataset Name,Access Link,Related Paper,Country,Year,Size,Remarks,Medical Images Included,Imaging Modality,Image Source,Image Source Details,Primary Imaged Regions,Secondary Imaged Regions,Available 3D Bone Shapes,Additional Structures,Landmarks,Voxel Segmentation Mask,Mesh Model,CAD Model,Number of Subjects,Available Information per Subject,Subjects Vital Status,Subjects Clinical Condition,Access Policy,Data Redistribution Policy,Research Use Policy,Commercial Use Policy,License
,,,USA,2023,31,,Yes,CT,Adopted,,Whole Body; Neurocranium; Viscerocranium; Cervical Spine; Thoracic Cage; Thoracic Spine; Abdomen; Lumbar Spine; Pelvis; Shoulder; Upper Arm; Elbow; Forearm; Wrist; Hand; Hip; Upper Leg; Knee; Lower Leg; Ankle; Foot,Whole Body; Neurocranium; Viscerocranium; Cervical Spine; Thoracic Cage; Thoracic Spine; Abdomen; Lumbar Spine; Pelvis; Shoulder; Upper Arm; Elbow; Forearm; Wrist; Hand; Hip; Upper Leg; Knee; Lower Leg; Ankle; Foot,Sacrum; Coccyx; Hip Bones; Femur; Patella; Tibia; Fibula; Tarsals; Metatarsals; Phalanges Foot,,,Available,Available,,2,Age; Gender; Height; Weight; BMI,,,Open Access,Allowed,Allowed,Allowed,CC BY 4.0
,,,Germany,2023,30.9,,Yes,CT,Adopted,,Pelvis; Hip; Upper Leg; Knee; Lower Leg; Ankle; Foot,Cervical Spine; Thoracic Cage; Thoracic Spine; Abdomen; Lumbar Spine; Pelvis; Shoulder; Upper Arm; Elbow; Forearm; Wrist; Hand; Hip; Upper Leg; Knee; Lower Leg; Ankle; Foot,Sacrum; Hip Bones; Femur; Patella; Tibia; Fibula; Tarsals; Metatarsals; Phalanges Foot,,,Available,Available,,20,Age; Gender; Weight; Height,,,Open Access,Allowed,Allowed,Restricted,CC BY-NC-SA 4.0
,,,Czechia,2025,290,,Yes,CT,Original,,Pelvis; Hip,Lumbar Spine; Pelvis; Hip; Upper Leg,Lumbar Vertebrae; Sacrum; Hip Bones,,,Available,Available,,278,Age; Gender,,,Open Access,Allowed,Allowed,Allowed,CC BY 4.0
,,,USA,2024,42.6,,Yes,MRI,Adopted,,Neurocranium,Neurocranium; Viscerocranium,Cranial Bones; Facial Bones,,,Available,Available,,100,,,,Open Access,Allowed,Allowed,Allowed,CC BY 4.0
,,,Austria,2022,195.6,,No,CT,Original,,,,Cranial Bones; Facial Bones,,,Available,Available,,529,,,,Open Access,Allowed,Allowed,Allowed,CC BY 4.0
,,,France,2010,0.806,,Yes,CT,Original,,Abdomen; Lumbar Spine,Abdomen; Lumbar Spine,Lumbar Vertebrae,,,Available,Available,,20,Age; Gender; Clinical Condition,,,Open Access,Restricted,Allowed,Restricted,CC BY-NC-ND 4.0
,,,USA,2024,789,,No,MRI,Adopted,,,,Distal Femur,,,Available,Available,,4788,,,,Open Access,Allowed,,,MIT; Other
,,,China,2023,5.8,,No,CT,Adopted,,,,Ribs,,,Available,Available,,660,,,,Open Access,Allowed,Allowed,Allowed,CC BY 4.0
,,,Austria,2021,0.745,,No,CT,Original,,,,Cranial Bones,,,Available,Available,,24,,,,Open Access,Allowed,Allowed,Allowed,CC BY 4.0
,,,Germany,2023,706; calculated for 3D bone models only,,No,CT; MRI,Adopted,,,,Cranial Bones; Facial Bones; Cervical Vertebrae; Thoracic Vertebrae; Lumbar Vertebrae; Sacrum; Ribs; Sternum; Clavicle; Scapula; Humerus; Hip Bones; Femur,,,,Available,,N/A,,,,Open Access,Allowed,Allowed,Restricted,CC BY-NC 4.0
,,,Spain,2024,,,No,XRay; EOS biplanar imaging,Original,,,,Thoracic Vertebrae; Lumbar Vertebrae; Sacrum; Hip Bones,,,,Available,,42,,,,Restricted,Allowed,Allowed,Allowed,CC BY 4.0
,,,Australia,2023,0.525,,No,CT,Adopted,,,,Tibia; Fibula,,,,Available,,30,Age; Weight; Height,,,Open Access,Allowed,Allowed,Allowed,CC BY 4.0
,,,Netherlands,2025,3.3,,No,CT,Original,,,,Radius; Ulna,,,,Available,,10,,,,Restricted,Allowed,Allowed,Allowed,CC BY 4.0
,,,Denmark,2022,6.09,,No,CBCT,Original,,,,Facial Bones,,,,Available,,17,,,,Open Access,Allowed,Allowed,Restricted,CC BY-NC-SA 4.0
,,,Austria,2025,243,,Yes,CT; PET,Original; Adopted,,Cervical Spine; Thoracic Cage; Thoracic Spine; Abdomen; Lumbar Spine; Pelvis; Shoulder; Hip,Whole Body; Neurocranium; Viscerocranium; Cervical Spine; Thoracic Cage; Thoracic Spine; Abdomen; Lumbar Spine; Pelvis; Shoulder; Upper Arm; Elbow; Forearm; Wrist; Hand; Hip; Upper Leg; Knee; Lower Leg; Ankle; Foot,Cranial Bones; Facial Bones; Cervical Vertebrae; Thoracic Vertebrae; Lumbar Vertebrae; Sacrum; Ribs; Sternum; Clavicle; Scapula; Humerus; Radius; Ulna; Carpals; Metacarpals; Phalanges Hand; Hip Bones; Femur; Patella; Tibia; Fibula; Tarsals; Metatarsals; Phalanges Foot,,,Available,,,1597,Age; Gender; Weight; Height; Clinical Condition,,,Open Access,Allowed,Allowed,Allowed; Restricted,CC BY 4.0; CC BY-NC 4.0
,,,USA,2024,59.03,,Yes,CT,Original,,Whole Body; Neurocranium; Viscerocranium; Cervical Spine; Thoracic Cage; Thoracic Spine; Abdomen; Lumbar Spine; Pelvis; Shoulder; Upper Arm; Elbow; Forearm; Wrist; Hand; Hip; Upper Leg; Knee; Lower Leg; Ankle; Foot,Whole Body; Neurocranium; Viscerocranium; Cervical Spine; Thoracic Cage; Thoracic Spine; Abdomen; Lumbar Spine; Pelvis; Shoulder; Upper Arm; Elbow; Forearm; Wrist; Hand; Hip; Upper Leg; Knee; Lower Leg; Ankle; Foot,Cranial Bones; Facial Bones; Cervical Vertebrae; Thoracic Vertebrae; Lumbar Vertebrae; Sacrum; Ribs; Sternum; Clavicle; Scapula; Humerus; Radius; Ulna; Carpals; Metacarpals; Phalanges Hand; Hip Bones; Femur; Patella; Tibia; Fibula; Tarsals; Metatarsals; Phalanges Foot,,,Available,,,30,Age; Gender; Weight; Height; BMI,,,Restricted,Restricted,Restricted,Restricted,Other; TCIA Restricted
,,,Switzerland,2023,23.6,,Yes,CT,Original,,,Whole Body; Neurocranium; Viscerocranium; Cervical Spine; Thoracic Cage; Thoracic Spine; Abdomen; Lumbar Spine; Pelvis; Shoulder; Upper Arm; Elbow; Forearm; Wrist; Hand; Hip; Upper Leg; Knee; Lower Leg; Ankle; Foot,Cranial Bones; Facial Bones; Cervical Vertebrae; Thoracic Vertebrae; Lumbar Vertebrae; Sacrum; Ribs; Sternum; Clavicle; Scapula; Humerus; Hip Bones; Femur,,,Available,,,1228,,,,Open Access,Allowed,Allowed,Allowed,CC BY 4.0
,,,Turkey,2025,21300,,Yes,CT,Original,,Thoracic Cage; Thoracic Spine,Neurocranium; Viscerocranium; Cervical Spine; Thoracic Cage; Thoracic Spine; Abdomen; Lumbar Spine; Pelvis; Shoulder; Upper Arm; Hip; Upper Leg,Cranial Bones; Facial Bones; Cervical Vertebrae; Thoracic Vertebrae; Lumbar Vertebrae; Sacrum; Ribs; Sternum; Clavicle; Scapula; Humerus; Hip Bones; Femur,,,Available,,,21304,Age; Gender; Clinical Condition,,,Open Access,Allowed,Allowed,Restricted,CC BY-NC-SA 4.0
,,,Germany,2023,1.5,,No,CT,Adopted,,,,Cranial Bones; Facial Bones; Cervical Vertebrae; Thoracic Vertebrae; Lumbar Vertebrae; Sacrum; Ribs; Sternum; Clavicle; Scapula; Humerus; Hip Bones; Proximal Femur,,,Available,,,533,Age; Gender; Weight; Height; to be obtained from the source datasets,,,Open Access,Allowed,Allowed,Allowed,CC BY 4.0
,,,Switzerland,2025,1880,,Yes,CT,Original; Adopted,,Neurocranium; Viscerocranium; Cervical Spine; Thoracic Cage; Thoracic Spine; Abdomen; Lumbar Spine; Pelvis; Hip,Whole Body; Neurocranium; Viscerocranium; Cervical Spine; Thoracic Cage; Thoracic Spine; Abdomen; Lumbar Spine; Pelvis; Shoulder; Upper Arm; Elbow; Forearm; Wrist; Hand; Hip; Upper Leg; Knee; Lower Leg; Ankle; Foot,Cranial Bones; Facial Bones; Cervical Vertebrae; Thoracic Vertebrae; Lumbar Vertebrae; Sacrum; Ribs; Clavicle; Scapula; Humerus; Hip Bones; Femur,,,Available,,,22022,"N/A; Metadata is not directly available, but some sources include it.",,,Open Access,Allowed; Restricted,Allowed; Restricted,Allowed; Restricted,"mixed, depends on the source datasets; CC BY 4.0; CC BY 3.0; CC BY-SA 4.0; CC BY-NC 4.0; CC BY-NC-ND 4.0; CC BY-NC-SA 4.0; TCIA Restricted; Other"
,,,Switzerland,2025,5.1,,Yes,MRI,Original,,,Neurocranium; Viscerocranium; Cervical Spine; Thoracic Cage; Thoracic Spine; Lumbar Spine; Pelvis; Shoulder; Upper Arm; Elbow; Forearm; Wrist; Hand; Hip; Upper Leg; Knee; Lower Leg; Ankle; Foot,Cervical Vertebrae; Thoracic Vertebrae; Lumbar Vertebrae; Sacrum; Clavicle; Scapula; Humerus; Hip Bones; Femur,,,Available,,,616,,,,Open Access,Allowed,Allowed,Restricted,CC BY-NC-SA 2.0
,,,Poland,2024,48.2,,Yes,CT,Original,,Abdomen,Thoracic Cage; Thoracic Spine; Abdomen; Lumbar Spine; Pelvis; Hip; Upper Leg,Thoracic Vertebrae; Lumbar Vertebrae; Sacrum; Ribs; Sternum; Clavicle; Scapula; Hip Bones; Proximal Femur,,,Available,,,233,Age; Gender; Vital Status,,,Open Access,Allowed,Allowed,Allowed,CC BY 4.0
,,,India,2021,10.4,,Yes,CT,Original,,Shoulder; Knee,Shoulder; Upper Arm; Upper Leg; Knee; Lower Leg,Clavicle; Scapula; Proximal Humerus; Patella; Distal Femur; Proximal Fibula; Proximal Tibia,,,Available,,,24,Age; Gender,,,Restricted,Restricted,,,Other
,,,USA,2020,16.9,,Yes,CT,Original; Adopted,,Abdomen; Lumbar Spine; Pelvis; Hip,Thoracic Cage; Thoracic Spine; Abdomen; Lumbar Spine; Pelvis; Shoulder; Hip; Upper Leg,Thoracic Vertebrae; Lumbar Vertebrae; Sacrum; Ribs; Hip Bones; Proximal Femur,,,Available,,,140,,,,Open Access,Allowed,Allowed,Allowed,CC BY 3.0
,,,Canada,2024,9.3,,Yes,MRI,Original,,Cervical Spine; Thoracic Spine,Neurocranium; Viscerocranium; Cervical Spine; Thoracic Cage; Thoracic Spine; Lumbar Spine,Cranial Bones; Cervical Vertebrae; Thoracic Vertebrae; Lumbar Vertebrae,,,Available,,,60,Age; Gender; Weight; Height,,,Open Access,Allowed,Allowed,Allowed,CC0 1.0
,,,China,2024,159,,Yes,CT,Adopted,,Neurocranium; Viscerocranium; Cervical Spine; Thoracic Cage; Thoracic Spine; Abdomen; Lumbar Spine; Pelvis; Shoulder; Hip,Neurocranium; Viscerocranium; Cervical Spine; Thoracic Cage; Thoracic Spine; Abdomen; Lumbar Spine; Pelvis; Shoulder; Upper Arm; Hip; Upper Leg,Cervical Vertebrae; Thoracic Vertebrae; Lumbar Vertebrae,,,Available,,,1005,Age; Gender,,,Open Access,Allowed,Allowed,Restricted,CC BY-NC-SA 4.0
,,,Germany,2020,48.3,,Yes,CT,Original,,Cervical Spine; Thoracic Spine; Lumbar Spine,Cervical Spine; Thoracic Cage; Thoracic Spine; Abdomen; Lumbar Spine; Pelvis; Shoulder; Upper Arm; Hip; Upper Leg,Cervical Vertebrae; Thoracic Vertebrae; Lumbar Vertebrae,,,Available,,,355,Age; Gender,,,Open Access,Allowed,Allowed,Allowed,CC BY-SA 4.0
,,,Sweden,2019,28,,Yes,CT,Adopted,,Abdomen; Lumbar Spine; Pelvis; Hip,Thoracic Cage; Thoracic Spine; Abdomen; Lumbar Spine; Pelvis; Shoulder; Hip; Upper Leg,Sacrum; Hip Bones; Proximal Femur,,,Available,,,90,Gender,,,Restricted,Allowed,,,Other
,,,China,2020,17,,Yes,CT,Original; Adopted,,Pelvis; Hip,Abdomen; Lumbar Spine; Pelvis; Hip; Upper Leg,Lumbar Vertebrae; Sacrum; Hip Bones,,,Available,,,1184,,,,Open Access,Allowed,Allowed,Allowed; Restricted,CC BY 4.0; CC BY-NC-SA 4.0; inconsistency between download page and paper descriptions
,,,USA,2024,20.36,,Yes,CT,Original,,Thoracic Cage; Thoracic Spine; Abdomen; Lumbar Spine,Cervical Spine; Thoracic Cage; Thoracic Spine; Lumbar Spine; Pelvis; Abdomen; Shoulder; Hip; Upper Leg,Thoracic Vertebrae; Lumbar Vertebrae,,,Available,,,55,Age; Gender,,,Open Access,Allowed,Allowed,Allowed,CC BY 4.0
,,,USA,2016,3.4,,Yes,CT,Original,,Thoracic Spine; Lumbar Spine,Cervical Spine; Thoracic Cage; Thoracic Spine; Abdomen; Lumbar Spine; Pelvis; Hip,Thoracic Vertebrae; Lumbar Vertebrae,,,Available,,,20,Age; Gender; Orthopedic Relevant Condition,,,Open Access,Allowed,,,ODC-By v1.0
,,,China,2024,7.6,,Yes,CT,Original,,Pelvis; Hip,Abdomen; Lumbar Spine; Pelvis; Hip; Upper Leg,Sacrum; Hip Bones,,,Available,,,100,,,,Open Access,Allowed,Allowed,Allowed,CC BY 4.0
,,,USA,2024,305,,Yes,CT,Adopted,,Abdomen,Whole Body; Neurocranium; Viscerocranium; Cervical Spine; Thoracic Cage; Thoracic Spine; Abdomen; Lumbar Spine; Pelvis; Shoulder; Upper Arm; Elbow; Forearm; Wrist; Hand; Hip; Upper Leg; Knee; Lower Leg; Ankle; Foot,Proximal Femur,,,Available,,,9262,,,,Open Access,Allowed,Allowed,Restricted,CC BY-NC-SA 4.0
,,,China,2022,7.39,,Yes,CT,Original,,Abdomen; Lumbar Spine; Pelvis; Hip,Thoracic Cage; Thoracic Spine; Abdomen; Lumbar Spine; Pelvis; Hip; Upper Leg; Knee; Lower Leg,Proximal Femur,,,Available,,,150,,,,Open Access,Allowed,,,GNU v3.0; GNU General Public License v3.0
,,,China,2023,22.1,,Yes,CT,Original,,Neurocranium; Viscerocranium; Cervical Spine; Shoulder,Neurocranium; Viscerocranium; Cervical Spine; Thoracic Cage; Thoracic Spine; Shoulder; Upper Arm,Facial Bones,,,Available,,,140,Age; Gender; Clinical Condition,,,Open Access,Not Specified,Not Specified,Not Specified,N/A
,,,China,2024,31.2,,Yes,CT,Original; Adopted,,Abdomen; Lumbar Spine; Pelvis; Hip,Thoracic Cage; Thoracic Spine; Abdomen; Lumbar Spine; Pelvis; Hip; Upper Leg,Proximal Femur,,,Available,,,413,Gender; Clinical Condition,,,Restricted,Restricted,,,Other
,,,USA,2015,2.35,,Yes,CT,Adopted,,Neurocranium; Viscerocranium; Cervical Spine; Shoulder,Neurocranium; Viscerocranium; Cervical Spine; Thoracic Cage; Thoracic Spine; Shoulder; Upper Arm,Facial Bones,,,Available,,,48,,,,Open Access,Not Specified,Not Specified,Not Specified,N/A
,,,Italy,2023,12,,Yes,CT,Original,,Lumbar Spine,Lumbar Spine; Pelvis; Hip; Upper Leg,Lumbar Vertebrae,,,Available,,,1,,,,Open Access,Allowed,Allowed,Allowed,CC BY 4.0
,,,Brazil,2024,1.3,,Yes,MRI,Original,,Lumbar Spine,Cervical Spine; Thoracic Spine; Lumbar Spine,Lumbar Vertebrae,,,Available,,,91,Age; Gender; Weight; Orthopedic Relevant Condition,,,Open Access,Allowed,Allowed,Allowed,CC BY 4.0
,,,Netherlands,2023,3.8,,Yes,MRI,Original,,Lumbar Spine,Thoracic Spine; Lumbar Spine; Pelvis,Lumbar Vertebrae,,,Available,,,218,Gender,,,Open Access,Allowed,Allowed,Allowed,CC BY 4.0
,,,USA,2022,343.51,,Yes,CT,Original,,Cervical Spine,Neurocranium; Viscerocranium; Cervical Spine,Cervical Vertebrae,,,Available,,,2022,,,,Open Access,Restricted,,,Other
,,,Germany,2019,2.3,,Yes,MRI,Original,,Lumbar Spine,Lumbar Spine,Lumbar Vertebrae,,,Available,,,54,Age; Gender; Weight; Height; BMI,,,Open Access,Not Specified,Not Specified,Not Specified,N/A
,,,Austria,2021,0.137,,No,CT,Adopted,,,,Cranial Bones,,,Available,,,100,,,,Open Access,Allowed,Allowed,Restricted,CC BY-NC-SA 4.0
,,,Austria,2021,0.247,,No,CT,Original; Adopted,,,,Cranial Bones,,,Available,,,11,,,,Open Access,Not Specified,Not Specified,Not Specified,N/A
,,,USA,2020,more than 50 TB,,Yes,CT,Original,,Whole Body; Neurocranium; Viscerocranium; Cervical Spine; Thoracic Cage; Thoracic Spine; Abdomen; Lumbar Spine; Pelvis; Shoulder; Upper Arm; Elbow; Forearm; Wrist; Hand; Hip; Upper Leg; Knee; Lower Leg; Ankle; Foot,Whole Body; Neurocranium; Viscerocranium; Cervical Spine; Thoracic Cage; Thoracic Spine; Abdomen; Lumbar Spine; Pelvis; Shoulder; Upper Arm; Elbow; Forearm; Wrist; Hand; Hip; Upper Leg; Knee; Lower Leg; Ankle; Foot,,,,,,,15243,Age; Gender; Weight; Height; Ethnicity; Clinical Condition; Orthopedic Relevant Condition,,,Restricted,Restricted,,,Other
,,,Switzerland,2013,116.3,,Yes,CT,Original,,Whole Body; Neurocranium; Viscerocranium; Cervical Spine; Thoracic Cage; Thoracic Spine; Abdomen; Lumbar Spine; Pelvis; Shoulder; Upper Arm; Elbow; Forearm; Wrist; Hand; Hip; Upper Leg; Knee; Lower Leg; Ankle; Foot,Whole Body; Neurocranium; Viscerocranium; Cervical Spine; Thoracic Cage; Thoracic Spine; Abdomen; Lumbar Spine; Pelvis; Shoulder; Upper Arm; Elbow; Forearm; Wrist; Hand; Hip; Upper Leg; Knee; Lower Leg; Ankle; Foot,,,,,,,108,Age; Gender; Weight; Height,,,Open Access,Allowed,Allowed,Restricted,CC BY-NC-SA 3.0
,,,Germany,2024,103,,Yes,CT,Adopted,,Thoracic Cage; Thoracic Spine; Abdomen; Lumbar Spine,Whole Body; Neurocranium; Viscerocranium; Cervical Spine; Thoracic Cage; Thoracic Spine; Lumbar Spine; Pelvis; Abdomen; Shoulder; Upper Arm; Elbow; Forearm; Wrist; Hand; Hip; Upper Leg; Knee; Lower Leg; Ankle; Foot,,,,,,,882,Age; Gender; Weight; Height,,,Open Access; Restricted,Allowed; Restricted,Allowed; Restricted,Allowed; Restricted,CC BY 3.0; CC BY-NC 3.0; CC BY 4.0; Other; TCIA Restricted
,,,Germany,2024,112.5,,Yes,CT; PET,Original; Adopted,,Viscerocranium; Cervical Spine; Thoracic Cage; Thoracic Spine; Abdomen; Lumbar Spine; Pelvis; Shoulder; Hip,Whole Body; Neurocranium; Viscerocranium; Cervical Spine; Thoracic Cage; Thoracic Spine; Abdomen; Lumbar Spine; Pelvis; Shoulder; Upper Arm; Elbow; Forearm; Wrist; Hand; Hip; Upper Leg; Knee; Lower Leg; Ankle; Foot,,,,,,,597,Age,,,Open Access,Allowed,Allowed,Restricted,CC BY-NC 4.0
,,,Germany,2025,53.3,,Yes,CT,Original,,Thoracic Cage; Thoracic Spine; Abdomen; Lumbar Spine; Pelvis; Shoulder; Hip,Whole Body; Neurocranium; Viscerocranium; Cervical Spine; Thoracic Cage; Thoracic Spine; Abdomen; Lumbar Spine; Pelvis; Shoulder; Upper Arm; Elbow; Forearm; Wrist; Hand; Hip; Upper Leg; Knee; Lower Leg; Ankle; Foot,,,,,,,300,Clinical Condition,,,Open Access,Allowed,Allowed,Restricted,CC BY-NC 4.0
,,,Canada,2023,372,,Yes,CT,Original,,Abdomen,Whole Body; Neurocranium; Viscerocranium; Cervical Spine; Thoracic Cage; Thoracic Spine; Abdomen; Lumbar Spine; Pelvis; Shoulder; Upper Arm; Elbow; Forearm; Wrist; Hand; Hip; Upper Leg; Knee; Lower Leg; Ankle; Foot,,,,,,,4650,,,,Open Access,Allowed,,,Other
,,,Germany,2022,418.85,,Yes,CT; PET,Original,,Viscerocranium; Cervical Spine; Thoracic Cage; Thoracic Spine; Abdomen; Lumbar Spine; Pelvis; Shoulder; Hip,Neurocranium; Viscerocranium; Cervical Spine; Thoracic Cage; Thoracic Spine; Abdomen; Lumbar Spine; Pelvis; Shoulder; Upper Arm; Forearm; Hip; Upper Leg; Knee; Lower Leg; Ankle; Foot,,,,,,,1014,Age; Gender; Weight; Height,,,Open Access; Restricted,Allowed; Restricted,Allowed; Restricted,Restricted,CC BY-NC 4.0; Other; TCIA Restricted; differs depending on the download source
,,,China,2025,4.34,,Yes,CT; XRay,Original,,Thoracic Cage; Thoracic Spine,Neurocranium; Thoracic Cage; Thoracic Spine; Abdomen; Lumbar Spine; Pelvis; Shoulder; Upper Arm; Hip; Upper Leg,,,,,,,48,,,,Open Access,Not Specified,Not Specified,Not Specified,N/A
,,,USA,2019,64.24,,Yes,CT; PET,Original,,Thoracic Cage; Thoracic Spine,Thoracic Cage; Thoracic Spine; Abdomen; Lumbar Spine; Pelvis; Shoulder; Upper Arm; Hip; Upper Leg,,,,,,,46,Age; Gender; Weight; Height,,,Open Access,Allowed,Allowed,Allowed,CC BY 3.0
,,,Germany; Netherlands,2025,31.8,,Yes,CT; MRI; CBCT,Original,,Neurocranium; Cervical Spine; Thoracic Cage; Thoracic Spine; Abdomen,Neurocranium; Viscerocranium; Cervical Spine; Thoracic Cage; Thoracic Spine; Abdomen; Lumbar Spine; Pelvis; Shoulder,,,,,,,2362,Age; Gender; Weight; Height,,,Open Access,Allowed; Restricted,Allowed,Allowed,CC BY 4.0; Other
,,,China,2022,105,,Yes,CT; MRI,Original,,Abdomen,Thoracic Cage; Thoracic Spine; Lumbar Spine; Pelvis; Abdomen; Shoulder; Hip; Upper Leg,,,,,,,3800,Age; Gender,,,Open Access,Allowed,Allowed,Allowed; Restricted,CC BY 4.0; CC BY-NC-SA 4.0; inconsistency between zenodo license and paper descriptions
,,,UK; Germany,2019,70.6,,Yes,CT; MRI,Original; Adopted,,Thoracic Cage; Thoracic Spine; Abdomen; Lumbar Spine; Pelvis; Hip,Thoracic Cage; Thoracic Spine; Abdomen; Lumbar Spine; Pelvis; Shoulder; Hip; Upper Leg,,,,,,,2633,,,,Open Access,Allowed,Allowed,Allowed,CC BY-SA 4.0
,,,USA,2024,3.5,,Yes,CT,Original; Adopted,,Abdomen,Thoracic Cage; Thoracic Spine; Lumbar Spine; Pelvis; Abdomen; Shoulder; Hip; Upper Leg,,,,,,,40,,,,Open Access,Allowed,Allowed,Allowed,CC BY 4.0
,,,Canada,2022,136,,Yes,CT,Original,,Abdomen,Thoracic Cage; Thoracic Spine; Lumbar Spine; Pelvis; Abdomen; Shoulder; Hip; Upper Leg,,,,,,,2100,,,,Open Access,Allowed,,,Other
,,,USA,2025,6.6,,Yes,CT,Original; Adopted,,Abdomen,Thoracic Cage; Thoracic Spine; Lumbar Spine; Pelvis; Abdomen; Shoulder; Hip; Upper Leg,,,,,,,30,,,,Open Access,Allowed,Allowed,Allowed,CC BY 4.0
,,,USA; Germany,2023,48.6,,Yes,CT,Original,,Abdomen,Thoracic Cage; Thoracic Spine; Abdomen; Lumbar Spine; Pelvis; Hip; Upper Leg,,,,,,,489,Age; Gender; BMI; Clinical Condition; Alcohol Use; Smoking History; and more comprehensive medical history,,,Open Access,Allowed,Allowed,Restricted,CC BY-NC-SA 4.0
,,,USA,2020,56.38,,Yes,CT; MRI,Original,,Abdomen,Thoracic Cage; Thoracic Spine; Abdomen; Lumbar Spine; Pelvis; Hip; Upper Leg,,,,,,,97,Age; Gender; Weight; Height,,,Open Access,Allowed,Allowed,Allowed,CC BY 3.0
,,,China,2024,2.46,,Yes,MRI,Original,,Cervical Spine; Thoracic Spine; Lumbar Spine,Viscerocranium; Cervical Spine; Thoracic Cage; Thoracic Spine; Abdomen; Lumbar Spine; Pelvis,,,,,,,14,Age; Gender; Weight; Height,,,Open Access,Allowed,Allowed,Allowed,CC BY 4.0
,,,USA,2023,460.34,,Yes,CT,Original,,Abdomen; Lumbar Spine; Pelvis; Hip,Thoracic Cage; Thoracic Spine; Abdomen; Lumbar Spine; Pelvis; Hip; Upper Leg,,,,,,,3147,Age; Gender; Clinical Condition,,,Open Access,Restricted,,,Other; Subject to Competition Rules
,,,Spain,2024,24.7,,Yes,CT,Adopted,,Abdomen,Thoracic Cage; Thoracic Spine; Abdomen; Lumbar Spine; Pelvis; Hip; Upper Leg,,,,,,,680,Age; Gender,,,Open Access,Allowed,Allowed,Allowed,CC BY 4.0
,,,USA,2013,496.67,,Yes,CT,Original,,Abdomen; Lumbar Spine; Pelvis; Hip,Thoracic Cage; Thoracic Spine; Abdomen; Lumbar Spine; Pelvis; Hip; Upper Leg,,,,,,,825,Age; Gender,,,Open Access,Allowed,Allowed,Allowed,CC BY 3.0
,,,USA,2019,7.19,,Yes,CT; CBCT,Original,,Pelvis; Hip,Thoracic Cage; Thoracic Spine; Abdomen; Lumbar Spine; Pelvis; Hip; Upper Leg,,,,,,,58,Gender,,,Open Access,Allowed,Allowed,Allowed,CC BY 3.0
,,,Netherlands,2023,38.4,,Yes,CT,Original,,Thoracic Cage; Thoracic Spine; Abdomen; Lumbar Spine; Pelvis; Hip,Thoracic Cage; Thoracic Spine; Abdomen; Lumbar Spine; Pelvis; Hip; Upper Leg,,,,,,,215,,,,Open Access,Allowed,Allowed,Allowed,CC BY 4.0
,,,Netherlands,2023,27.9,,Yes,CT; MRI; CBCT,Original,,Neurocranium; Pelvis; Hip,Neurocranium; Viscerocranium; Cervical Spine; Pelvis; Lumbar Spine; Hip; Upper Leg,,,,,,,480,,,,Open Access,Allowed,Allowed,Restricted,CC BY-NC 4.0
,,,USA,2025,69.4,,Yes,CT,Adopted,,Abdomen,Thoracic Cage; Thoracic Spine; Abdomen; Lumbar Spine; Pelvis; Hip; Upper Leg,,,,,,,585,,,,Open Access,Allowed,Allowed,Allowed,CC BY 4.0
,,,Germany,2017,68.8,,Yes,CT,Original,,Abdomen; Lumbar Spine; Pelvis; Hip,Thoracic Cage; Thoracic Spine; Abdomen; Lumbar Spine; Pelvis; Hip; Upper Leg,,,,,,,201,,,,Open Access,Allowed,Allowed,Restricted,CC BY-NC-SA 4.0
,,,China,2021,78.5,,Yes,CT,Original; Adopted,,Abdomen,Thoracic Cage; Thoracic Spine; Abdomen; Lumbar Spine; Pelvis; Hip; Upper Leg,,,,,,,1062,,,,Open Access,Allowed,Allowed,Allowed,CC BY 4.0
,,,China,2024,5630,,Yes,CT,Adopted,,Neurocranium; Viscerocranium; Cervical Spine; Thoracic Cage; Thoracic Spine; Abdomen; Lumbar Spine,Neurocranium; Viscerocranium; Cervical Spine; Thoracic Cage; Thoracic Spine; Abdomen; Lumbar Spine,,,,,,,160167,,,,Open Access,Allowed; Restricted,,,"mixed, depends on the source datasets"
,,,USA,2015,102,,Yes,CT,Original,,Abdomen; Lumbar Spine; Pelvis; Hip,Thoracic Cage; Thoracic Spine; Abdomen; Lumbar Spine; Pelvis; Hip; Upper Leg,,,,,,,100,,,,Open Access,Not Specified,Not Specified,Not Specified,N/A
,,,France,2020,2.56,,Yes,CT,Original,,Thoracic Cage; Thoracic Spine,Cervical Spine; Thoracic Cage; Thoracic Spine; Abdomen; Lumbar Spine; Shoulder; Upper Arm,,,,,,,60,,,,Open Access,Restricted,,,Other
,,,Slovenia,2023,4.9,,Yes,CT; MRI,Original,,Neurocranium; Viscerocranium; Cervical Spine,Neurocranium; Viscerocranium; Cervical Spine; Thoracic Cage; Thoracic Spine; Shoulder; Upper Arm,,,,,,,42,,,,Open Access,Restricted,Allowed,Restricted,CC BY-NC-ND 4.0
,,,Netherlands,2020,35.78,,Yes,CT,Original,,Thoracic Cage; Thoracic Spine,Thoracic Cage; Thoracic Spine; Abdomen; Lumbar Spine; Shoulder; Upper Arm,,,,,,,422,Age; Gender; Clinical Condition,,,Open Access,Allowed,Allowed,Restricted,CC BY-NC 3.0
,,,UK,2013,13.1,,Yes,CT,Original,,Cervical Spine; Thoracic Spine; Lumbar Spine,Cervical Spine; Thoracic Cage; Thoracic Spine; Abdomen; Lumbar Spine; Pelvis,,,,,,,125,Age; Gender,,,Open Access,Restricted,Allowed,Restricted,CC BY-NC-ND 4.0
,,,USA,2019,228,,Yes,CT,Original,,Thoracic Cage; Thoracic Spine; Abdomen,Thoracic Cage; Thoracic Spine; Abdomen; Lumbar Spine; Pelvis; Hip,,,,,,,200,,,,Open Access,Not Specified,Not Specified,Not Specified,N/A
,,,Germany; Netherlands,2007,1.9,,Yes,CT,Original,,Abdomen,Thoracic Spine; Abdomen; Lumbar Spine; Pelvis; Hip; Upper Leg,,,,,,,30,,,,Open Access,Restricted,,,Other
,,,China,2022,11.1,,Yes,CT,Original,,Thoracic Cage; Thoracic Spine,Cervical Spine; Thoracic Cage; Thoracic Spine; Abdomen; Lumbar Spine; Shoulder,,,,,,,200,,,,Restricted,Restricted,,,Other
,,,USA,2023,2.6,,Yes,MRI,Adopted,,Abdomen; Lumbar Spine,Thoracic Cage; Thoracic Spine; Abdomen; Lumbar Spine; Pelvis,,,,,,,17,Age; Gender; Weight; Height,,,Open Access,Allowed,Allowed,Allowed,CC BY 4.0
,,,USA,2019,0.211,,Yes,CT,Original,,Abdomen; Lumbar Spine,Thoracic Spine; Abdomen; Lumbar Spine; Pelvis; Hip,,,,,,,6,Age; Gender; Weight; Height,,,Open Access,Not Specified,Not Specified,Not Specified,N/A
,,,Iran,2020,120.06,,Yes,CT,Original,,Thoracic Cage; Thoracic Spine,Thoracic Cage; Thoracic Spine; Abdomen; Lumbar Spine; Shoulder,,,,,,,1013,Age; Gender,,,Open Access,Allowed,Allowed,Allowed,CC0 1.0
,,,China,2020,1.1,,Yes,CT,Adopted,,Thoracic Cage,Thoracic Cage; Thoracic Spine; Abdomen; Lumbar Spine; Shoulder,,,,,,,20,Age; Gender,,,Open Access,Allowed,Allowed,Restricted,CC BY-NC-SA 2.0
,,,Sweden,2017,1.6,,Yes,CT; MRI,Original,,Pelvis; Hip,Abdomen; Lumbar Spine; Pelvis; Hip; Upper Leg,,,,,,,19,Gender,,,Restricted,Allowed,Not Specified,Not Specified,N/A
,,,USA,2024,641.49,,Yes,MRI,Original,,Thoracic Cage; Thoracic Spine; Abdomen; Lumbar Spine,Cervical Spine; Thoracic Cage; Thoracic Spine; Abdomen; Lumbar Spine,,,,,,,141,,,,Open Access,Allowed,Allowed,Allowed,CC0 1.0
,,,China,2020,77.8,,Yes,CT,Original,,Thoracic Cage; Thoracic Spine,Thoracic Cage; Thoracic Spine; Abdomen; Lumbar Spine; Shoulder,,,,,,,660,,,,Open Access,Allowed,Allowed,Restricted,CC BY-NC 4.0
,,,China,2022,156.1,,Yes,CT,Original,,Thoracic Cage; Thoracic Spine,Thoracic Cage; Thoracic Spine; Abdomen; Lumbar Spine; Shoulder,,,,,,,1136,,,,Open Access,Allowed,Allowed,Allowed,CC BY 4.0
,,,USA,2023,16.2,,Yes,CT,Original; Adopted,,Thoracic Cage; Thoracic Spine,Thoracic Cage; Thoracic Spine; Abdomen; Lumbar Spine; Shoulder,,,,,,,30,,,,Open Access,Allowed,Allowed,Allowed,CC BY 4.0
,,,Turkey,2019,2,,Yes,CT; MRI,Original,,Abdomen,Thoracic Cage; Thoracic Spine; Abdomen; Lumbar Spine; Pelvis,,,,,,,80,,,,Open Access,Allowed,Allowed,Restricted,CC BY-NC-SA 4.0
,,,Italy,2024,,,Yes,CT,Original,,Abdomen,Abdomen; Lumbar Spine; Pelvis; Hip; Upper Leg,,,,,,,1300,,,,Restricted,Not Specified,Not Specified,Not Specified,N/A
,,,Canada,2021,10.5,,Yes,CT,Original,,Thoracic Cage,Thoracic Cage; Thoracic Spine; Abdomen; Lumbar Spine,,,,,,,305,Age; Gender; Weight; Clinical Condition,,,Open Access,Allowed,Allowed,Allowed,CC0 1.0
,,,France,2021,243,,Yes,CT,Original,,Thoracic Cage; Thoracic Spine,Thoracic Cage; Thoracic Spine; Shoulder; Upper Arm,,,,,,,2000,Age; Gender; Clinical Condition,,,Open Access,Allowed,Allowed,Restricted,CC BY-NC 4.0
,,,USA,2016,12.07,,Yes,CT,Original,,Thoracic Cage; Thoracic Spine,Thoracic Cage; Thoracic Spine; Abdomen; Lumbar Spine,,,,,,,70,Age; Gender; Clinical Condition,,,Open Access,Allowed,Allowed,Allowed,CC BY 3.0
,,,Netherlands,2025,221.1,,Yes,CT,Adopted,,Thoracic Cage; Thoracic Spine,Thoracic Cage; Thoracic Spine; Abdomen; Lumbar Spine,,,,,,,2120,Age; Gender; Clinical Condition,,,Open Access,Allowed,Allowed,Allowed,CC BY 4.0
,,,USA,2020,133.15,,Yes,CT,Original,,Thoracic Cage; Thoracic Spine,Thoracic Cage; Thoracic Spine; Abdomen; Lumbar Spine,,,,,,,1010,Age; Gender; Clinical Condition,,,Open Access,Allowed,Allowed,Allowed,CC BY 3.0
,,,N/A,2022,1.9,,Yes,CT,Original,,Pelvis; Hip,Lumbar Spine; Pelvis; Hip; Upper Leg,,,,,,,21,,,,Open Access,Allowed,Allowed,Allowed,CC BY 4.0
,,,Netherlands,2016,66.7,,Yes,CT,Adopted,,Thoracic Cage; Thoracic Spine,Thoracic Cage; Thoracic Spine; Abdomen; Lumbar Spine,,,,,,,888,,,,Open Access,Allowed,Allowed,Allowed,CC BY 4.0
,,,Portugal,2023,30.3,,Yes,CT,Original,,Thoracic Cage; Thoracic Spine,Thoracic Cage; Thoracic Spine; Abdomen; Lumbar Spine,,,,,,,294,,,,Open Access,Allowed,Allowed,Allowed,CC BY 4.0
,,,China,2023,2.44,,Yes,CT,Original,,Thoracic Cage; Thoracic Spine,Thoracic Cage; Thoracic Spine; Abdomen; Lumbar Spine,,,,,,,30,,,,Open Access,Allowed,,,Apache 2.0
,,,Netherlands,2011,7.7,,Yes,CT,Original,,Thoracic Cage; Thoracic Spine,Thoracic Cage; Thoracic Spine; Abdomen; Lumbar Spine,,,,,,,55,,,,Open Access,Restricted,,,Other
,,,USA,2024,99.79,,Yes,CT; PET,Adopted,,Neurocranium; Viscerocranium; Cervical Spine,Neurocranium; Viscerocranium; Cervical Spine,,,,,,,215,Age; Gender; Weight; Height; BMI; Vital Status; Clinical Condition,,,Restricted,Restricted,Restricted,Restricted,Other; TCIA Restricted
,,,Canada,2021,53,,Yes,MRI,Original,,Neurocranium; Cervical Spine,Neurocranium; Viscerocranium; Cervical Spine,,,,,,,261,Age; Gender; Weight; Height; Orthopedic Relevant Condition,,,Open Access,Allowed,Allowed,Allowed,CC BY 4.0
,,,USA,2017,2.09,,Yes,CT,Original,,Thoracic Cage; Thoracic Spine,Thoracic Cage; Thoracic Spine; Abdomen,,,,,,,47,Age; Gender; available only for 10 subjects,,,Open Access,Allowed,Allowed,Allowed,CC BY 3.0
,,,USA,2025,34.4,,Yes,MRI,Original,,Neurocranium; Viscerocranium; Cervical Spine,Neurocranium; Viscerocranium; Cervical Spine,,,,,,,11,Age; Gender,,,Open Access,Allowed,Allowed,Allowed,CC BY 4.0
,,,China,2021,215,,Yes,CT,Original,,Neurocranium,Neurocranium; Viscerocranium; Cervical Spine,,,,,,,1476,Age; Gender,,,Restricted,Allowed,Allowed,Restricted,CC BY-NC-SA 4.0
,,,USA,2024,2.74,,Yes,MRI,Original,,Cervical Spine,Viscerocranium; Cervical Spine; Thoracic Spine,,,,,,,101,Orthopedic Relevant Condition,,,Open Access,Allowed,Allowed,Allowed,CC BY 4.0
,,,Italy,2021,26.13,,Yes,CT,Original,,Thoracic Cage; Thoracic Spine,Thoracic Cage; Thoracic Spine; Abdomen,,,,,,,81,Gender,,,Open Access,Allowed,Allowed,Restricted,CC BY-NC 4.0
,,,Spain; Netherlands,2012,2.2,,Yes,CT,Original,,Thoracic Cage; Thoracic Spine,Thoracic Cage; Thoracic Spine; Abdomen,,,,,,,20,,,,Open Access,Allowed,Allowed,Allowed,CC BY 4.0
,,,USA,2025,8,,Yes,MRI,Original,,Pelvis; Hip,Abdomen; Pelvis; Hip,,,,,,,132,,,,Open Access,Allowed,Allowed,Allowed,CC BY 4.0
,,,Spain,2019,12.8,,Yes,CT,Original,,Thoracic Cage; Thoracic Spine,Thoracic Cage; Thoracic Spine; Shoulder,,,,,,,91,,,,Open Access,Allowed,Allowed,Allowed,CC BY 4.0
,,,China,2025,9,,Yes,CT,Original,,Thoracic Cage; Thoracic Spine,Thoracic Cage; Thoracic Spine; Shoulder,,,,,,,74,,,,Open Access,Allowed,Allowed,Allowed,CC BY 4.0
,,,Canada,2024,391.68,,Yes,CT,Original,,Neurocranium; Viscerocranium; Cervical Spine,Neurocranium; Viscerocranium; Cervical Spine,,,,,,,3346,,,,Restricted,Restricted,Restricted,Restricted,Other; TCIA Restricted
,,,UK,2007,8.09; calculated for T1 and T2 images only,,Yes,MRI,Original,,Neurocranium; Viscerocranium,Neurocranium; Viscerocranium,,,,,,,600,Age; Gender; Weight; Height; Ethnicity; Vital Status; Clinical Condition; marital status; Occupation,,,Open Access,Allowed,Allowed,Allowed,CC BY-SA 3.0
,,,Germany,2018,2.9,,Yes,MRI,Original,,Hip; Upper Leg,Hip; Upper Leg,,,,,,,19,Age; Gender; Weight; Height,,,Open Access,Not Specified,Not Specified,Not Specified,N/A
,,,Canada,2021,10.63,,Yes,CT,Original,,Thoracic Cage; Thoracic Spine,Thoracic Cage; Thoracic Spine,,,,,,,260,Age; Gender; Weight; Clinical Condition,,,Open Access,Not Specified,Not Specified,Not Specified,N/A
,,,Canada,2023,4.83,,Yes,CT,Original; Adopted,,Thoracic Cage; Thoracic Spine,Thoracic Cage; Thoracic Spine,,,,,,,130,Age; Gender; Clinical Condition,,,Open Access,Allowed,Allowed,Allowed,CC BY 4.0
,,,China,2020,8.94,,Yes,CT,Original,,Thoracic Cage; Thoracic Spine,Thoracic Cage; Thoracic Spine,,,,,,,110,Age; Gender; Clinical Condition,,,Open Access,Allowed,,,Apache 2.0
,,,Germany; Switzerland,2025,99,,Yes,CT,Original,,Neurocranium,Neurocranium; Viscerocranium,,,,,,,149,Age; Gender; Blood Test,,,Open Access,Allowed,Allowed,Restricted,CC BY-NC-SA 4.0
,,,Turkey,2025,11.7,,Yes,MRI,Original,,Abdomen; Lumbar Spine,Abdomen; Lumbar Spine,,,,,,,339,Age; Gender; Clinical Condition,,,Open Access,Allowed,Allowed,Restricted,CC BY-NC 4.0
,,,USA,2025,311,,Yes,CT; MRI,Original,,Neurocranium,Neurocranium; Cervical Spine,,,,,,,4405,Age; Gender; Clinical Condition,,,Open Access,Restricted,,,Other
,,,USA; Iraq,2020,2.7,,Yes,CT,Original,,Neurocranium,Neurocranium; Viscerocranium,,,,,,,75,Age; Gender; Orthopedic Relevant Condition,,,Open Access,Restricted,Restricted,Restricted,Other; PhysioNet Restricted Health Data License 1.5.0
,,,Germany,2024,13.8,,Yes,MRI,Original,,Neurocranium,Neurocranium; Viscerocranium,,,,,,,78,Age; Gender,,,Open Access,Allowed,Allowed,Allowed,CC0 1.0
,,,Mexico,2021,13.2,,Yes,MRI,Original,,Viscerocranium,Neurocranium; Viscerocranium,,,,,,,145,Age; Gender,,,Open Access,Allowed,Allowed,Allowed,CC0 1.0
,,,Canada,2025,1.2,,Yes,MRI; UltraSound,Original,,Neurocranium,Neurocranium; Viscerocranium,,,,,,,8,Age; Gender,,,Open Access,Allowed,Allowed,Allowed,CC BY 4.0
,,,Iran,2018,4.63,,Yes,CT,Original,,Thoracic Cage,Thoracic Cage; Thoracic Spine,,,,,,,35,Age; Gender,,,Open Access,Not Specified,Not Specified,Not Specified,N/A
,,,Spain,2025,4,,Yes,CT,Original,,Viscerocranium,Neurocranium; Viscerocranium,,,,,,,40,Age; Gender,,,Open Access,Restricted,Allowed,Restricted,CC BY-NC-ND 4.0
,,,Canada,2018,90,,Yes,MRI,Original,,Neurocranium; Viscerocranium,Neurocranium; Viscerocranium,,,,,,,359,Gender; Age,,,Open Access,Restricted,Allowed,Allowed,CC BY-ND 4.0
,,,USA,2020,980,,Yes,CT,Original,,Thoracic Cage; Thoracic Spine,Thoracic Cage; Thoracic Spine,,,,,,,7929,Clinical Condition,,,Open Access,Allowed,,,Other
,,,Switzerland,2022,13.46,,Yes,MRI,Original,,Neurocranium,Neurocranium; Viscerocranium,,,,,,,284,Clinical Condition,,,Open Access,Allowed,Allowed,Allowed,CC0 1.0
,,,China,2024,97.82,,Yes,MRI,Original,,Neurocranium,Neurocranium; Viscerocranium,,,,,,,20,,,,Open Access,Allowed,Allowed,Allowed,CC BY 4.0
,,,Switzerland,2025,14.4,,Yes,CT; MRI,Original; Adopted,,Neurocranium,Neurocranium; Viscerocranium,,,,,,,346,,,,Open Access,Allowed,,,Other
,,,Switzerland,2025,2,,Yes,CT; MRI,Adopted,,Neurocranium,Neurocranium; Viscerocranium,,,,,,,25,,,,Open Access,Allowed,,,Other
,,,USA,2024,43.01,,Yes,CT,Original,,Thoracic Cage; Thoracic Spine,Thoracic Cage; Thoracic Spine,,,,,,,32,,,,Open Access,Allowed,Allowed,Allowed,CC BY 4.0
,,,China,2023,1.2,,Yes,CT,Original,,Neurocranium; Viscerocranium,Neurocranium; Viscerocranium,,,,,,,658,,,,Open Access,Allowed,,,MIT
,,,N/A,2022,4.1,,Yes,MRI,Adopted,,Neurocranium; Viscerocranium,Neurocranium; Viscerocranium,,,,,,,507,,,,Open Access,Allowed,Allowed,Allowed,CC BY 4.0
,,,USA,2024,15,,Yes,MRI,Original,,Viscerocranium; Cervical Spine,Viscerocranium; Cervical Spine,,,,,,,150,,,,Open Access,Allowed,Allowed,Restricted,CC BY-NC 4.0
,,,Belgium,2024,37; only PCCT folder,,Yes,CT,Original,,Wrist; Hand,Wrist; Hand,,,,,,,8,,,,Open Access,Allowed,Allowed,Allowed,CC BY-SA 4.0
,,,India,2018,26.8,,Yes,CT,Original,,Neurocranium,Neurocranium; Viscerocranium,,,,,,,491,,,,Open Access,Allowed,Allowed,Restricted,CC BY-NC-SA 4.0
,,,USA,2016,3.8,,Yes,MRI,Original,,Neurocranium,Neurocranium; Viscerocranium,,,,,,,125,,,,Open Access,Not Specified,Not Specified,Not Specified,N/A
,,,Germany,2024,24,,Yes,CT,Adopted,,Thoracic Cage; Thoracic Spine,Thoracic Cage; Thoracic Spine,,,,,,,124,,,,Open Access,Not Specified,Not Specified,Not Specified,N/A
,,,Netherlands,2010,4.52,,Yes,CT,Original,,Thoracic Cage; Thoracic Spine,Thoracic Cage; Thoracic Spine,,,,,,,30,,,,Open Access,Restricted,,,Other
,,,USA,2021,,,Yes,CT; MRI,Original,,Neurocranium; Viscerocranium,Neurocranium; Viscerocranium,,,,,,,75,,,,Restricted,Allowed,Allowed,Restricted,CC BY-NC-SA 4.0
,,,USA,2008,4906,,Yes,MRI,Original,,Knee,Knee,,,,,,,4796,Age; Gender; Ethnicity; Orthopedic Relevant Condition,,,Open Access,Not Specified,,,Other
,,,USA,2020,164,,Yes,MRI,Original,,Knee,Knee,,,,,,,9311,Age; Gender; Weight; Height,,,Open Access,Restricted,,,Other
,,,Romania,2017,3.81,,Yes,MRI,Original,,Neurocranium,Neurocranium,,,,,,,27,Age; Gender; Clinical Condition,,,Open Access,Allowed,Allowed,Restricted,CC BY-NC-SA 4.0
,,,Germany,2025,1040,,Yes,MRI,Adopted,,Neurocranium,Neurocranium,,,,,,,34139,Age; Gender,,,Open Access,Allowed,Allowed,Allowed,CC BY 4.0
,,,USA,2024,35.34,,Yes,MRI,Original,,Lumbar Spine,Lumbar Spine,,,,,,,1975,Orthopedic Relevant Condition,,,Open Access,Restricted,,,Other; Subject to Competition Rules
,,,USA,2018,6.09,,Yes,MRI,Original,,Knee,Knee,,,,,,,1250,Orthopedic Relevant Condition,,,Open Access,Restricted,,,Other; Stanford University Dataset Research Use Agreement
,,,China,2025,19.3,,Yes,MRI,Original,,Knee,Knee,,,,,,,1190,,,,Open Access,Allowed,Allowed,Allowed,CC BY 4.0
,,,Denmark,2025,1700,,Yes,MRI,Adopted,,Neurocranium,Neurocranium,,,,,,,11187,,,,Open Access,Allowed; Restricted,Allowed,Allowed; Restricted,"mixed, depends on the source datasets; CC BY-NC 4.0; CC BY-SA 4.0; CC0 1.0; Other"
,,,Switzerland,2018,,,Yes,MRI,Original,,Lumbar Spine,Lumbar Spine,,,,Available,,,25,,,,Restricted,Restricted,Not Specified,Not Specified,N/A
